##---------------------------------------------------------------
#1. Usar o banco de dados <nome>
##---------------------------------------------------------------

use db_aline;

##---------------------------------------------------------------
#2. Selecionar os 10 primeiros registros da tabela pop
##---------------------------------------------------------------

0: jdbc:hive2://localhost:10000> select * from tb_int_pop limit 10;

+----------------------+------------------------------+------------------------+-------------------------+---------------------------+------------------------------+------------------------------------+
| tb_int_pop.zip_code  | tb_int_pop.total_population  | tb_int_pop.median_age  | tb_int_pop.total_males  | tb_int_pop.total_females  | tb_int_pop.total_households  | tb_int_pop.average_household_size  |
+----------------------+------------------------------+------------------------+-------------------------+---------------------------+------------------------------+------------------------------------+
| 90001                | 57110                        | 26.6                   | 28468                   | 28642                     | 12971                        | 4.4                                |
| 90002                | 51223                        | 25.5                   | 24876                   | 26347                     | 11731                        | 4.36                               |
| 90003                | 66266                        | 26.3                   | 32631                   | 33635                     | 15642                        | 4.22                               |
| 90004                | 62180                        | 34.8                   | 31302                   | 30878                     | 22547                        | 2.73                               |
| 90005                | 37681                        | 33.9                   | 19299                   | 18382                     | 15044                        | 2.5                                |
| 90006                | 59185                        | 32.4                   | 30254                   | 28931                     | 18617                        | 3.13                               |
| 90007                | 40920                        | 24.0                   | 20915                   | 20005                     | 11944                        | 3.0                                |
| 90008                | 32327                        | 39.7                   | 14477                   | 17850                     | 13841                        | 2.33                               |
| 90010                | 3800                         | 37.8                   | 1874                    | 1926                      | 2014                         | 1.87                               |
| 90011                | 103892                       | 26.2                   | 52794                   | 51098                     | 22168                        | 4.67                               |
+----------------------+------------------------------+------------------------+-------------------------+---------------------------+------------------------------+------------------------------------+
10 rows selected (0.385 seconds)


##---------------------------------------------------------------
#3. Criar a tabela pop_parquet no formato parquet para ler os dados da tabela pop
##---------------------------------------------------------------

0: jdbc:hive2://localhost:10000> create table tb_int_pop_parquet(zip_code int,total_population int,median_age float, total_males int,total_females int,total_households int,average_household_size float)
. . . . . . . . . . . . . . . .> stored as parquet;
No rows affected (0.596 seconds)


##---------------------------------------------------------------
#4. Inserir os dados da tabela pop na pop_parquet
##---------------------------------------------------------------

0: jdbc:hive2://localhost:10000> insert into tb_int_pop_parquet select * from tb_int_pop;
WARNING: Hive-on-MR is deprecated in Hive 2 and may not be available in the future versions. Consider using a different execution engine (i.e. spark, tez) or using Hive 1.X releases.
No rows affected (3.034 seconds)

##---------------------------------------------------------------
#5. Contar os registros da tabela pop_parquet
##---------------------------------------------------------------

0: jdbc:hive2://localhost:10000> select count(*) from tb_int_pop_parquet;
+------+
| _c0  |
+------+
| 318  |
+------+
1 row selected (0.197 seconds)


##---------------------------------------------------------------
#6. Selecionar os 10 primeiros registros da tabela pop_parquet
##---------------------------------------------------------------

0: jdbc:hive2://localhost:10000> select * from tb_int_pop_parquet limit 10;

+------------------------------+--------------------------------------+--------------------------------+---------------------------------+-----------------------------------+--------------------------------------+--------------------------------------------+
| tb_int_pop_parquet.zip_code  | tb_int_pop_parquet.total_population  | tb_int_pop_parquet.median_age  | tb_int_pop_parquet.total_males  | tb_int_pop_parquet.total_females  | tb_int_pop_parquet.total_households  | tb_int_pop_parquet.average_household_size  |
+------------------------------+--------------------------------------+--------------------------------+---------------------------------+-----------------------------------+--------------------------------------+--------------------------------------------+
| 90001                        | 57110                                | 26.6                           | 28468                           | 28642                             | 12971                                | 4.4                                        |
| 90002                        | 51223                                | 25.5                           | 24876                           | 26347                             | 11731                                | 4.36                                       |
| 90003                        | 66266                                | 26.3                           | 32631                           | 33635                             | 15642                                | 4.22                                       |
| 90004                        | 62180                                | 34.8                           | 31302                           | 30878                             | 22547                                | 2.73                                       |
| 90005                        | 37681                                | 33.9                           | 19299                           | 18382                             | 15044                                | 2.5                                        |
| 90006                        | 59185                                | 32.4                           | 30254                           | 28931                             | 18617                                | 3.13                                       |
| 90007                        | 40920                                | 24.0                           | 20915                           | 20005                             | 11944                                | 3.0                                        |
| 90008                        | 32327                                | 39.7                           | 14477                           | 17850                             | 13841                                | 2.33                                       |
| 90010                        | 3800                                 | 37.8                           | 1874                            | 1926                              | 2014                                 | 1.87                                       |
| 90011                        | 103892                               | 26.2                           | 52794                           | 51098                             | 22168                                | 4.67                                       |
+------------------------------+--------------------------------------+--------------------------------+---------------------------------+-----------------------------------+--------------------------------------+--------------------------------------------+
10 rows selected (0.355 seconds)


##---------------------------------------------------------------
#7. Criar a tabela pop_parquet_snappy no formato parquet com compressÃ£o Snappy para ler os dados da tabela pop
##---------------------------------------------------------------

0: jdbc:hive2://localhost:10000> create table tb_int_pop_parquet_snappy(zip_code int,total_population int,median_age float, total_males int,total_females int,total_households int,average_household_size float) stored as parquet tblproperties('parquet.compress'='SNAPPY');
No rows affected (0.229 seconds)


##---------------------------------------------------------------
#8. Inserir os dados da tabela pop na pop_parquet_snappy
##---------------------------------------------------------------

insert into tb_int_pop_parquet_snappy select * from tb_int_pop;

##---------------------------------------------------------------
#9. Contar os registros da tabela pop_parquet_snappy
##---------------------------------------------------------------

0: jdbc:hive2://localhost:10000> select count(*) from tb_int_pop_parquet_snappy;
+------+
| _c0  |
+------+
| 318  |
+------+

##---------------------------------------------------------------
#10. Selecionar os 10 primeiros registros da tabela pop_parquet_snappy
##---------------------------------------------------------------

0: jdbc:hive2://localhost:10000> select * from tb_int_pop_parquet_snappy limit 10;
+-------------------------------------+---------------------------------------------+---------------------------------------+----------------------------------------+------------------------------------------+---------------------------------------------+---------------------------------------------------+
| tb_int_pop_parquet_snappy.zip_code  | tb_int_pop_parquet_snappy.total_population  | tb_int_pop_parquet_snappy.median_age  | tb_int_pop_parquet_snappy.total_males  | tb_int_pop_parquet_snappy.total_females  | tb_int_pop_parquet_snappy.total_households  | tb_int_pop_parquet_snappy.average_household_size  |
+-------------------------------------+---------------------------------------------+---------------------------------------+----------------------------------------+------------------------------------------+---------------------------------------------+---------------------------------------------------+
| 90001                               | 57110                                       | 26.6                                  | 28468                                  | 28642                                    | 12971                                       | 4.4                                               |
| 90002                               | 51223                                       | 25.5                                  | 24876                                  | 26347                                    | 11731                                       | 4.36                                              |
| 90003                               | 66266                                       | 26.3                                  | 32631                                  | 33635                                    | 15642                                       | 4.22                                              |
| 90004                               | 62180                                       | 34.8                                  | 31302                                  | 30878                                    | 22547                                       | 2.73                                              |
| 90005                               | 37681                                       | 33.9                                  | 19299                                  | 18382                                    | 15044                                       | 2.5                                               |
| 90006                               | 59185                                       | 32.4                                  | 30254                                  | 28931                                    | 18617                                       | 3.13                                              |
| 90007                               | 40920                                       | 24.0                                  | 20915                                  | 20005                                    | 11944                                       | 3.0                                               |
| 90008                               | 32327                                       | 39.7                                  | 14477                                  | 17850                                    | 13841                                       | 2.33                                              |
| 90010                               | 3800                                        | 37.8                                  | 1874                                   | 1926                                     | 2014                                        | 1.87                                              |
| 90011                               | 103892                                      | 26.2                                  | 52794                                  | 51098                                    | 22168                                       | 4.67                                              |
+-------------------------------------+---------------------------------------------+---------------------------------------+----------------------------------------+------------------------------------------+---------------------------------------------+---------------------------------------------------+
10 rows selected (0.364 seconds)


##---------------------------------------------------------------
#11. Comparar as tabelas pop, pop_parquet e pop_parquet_snappy no HDFS.
##---------------------------------------------------------------

root@namenode:/# hdfs dfs -ls -h /user/hive/warehouse/db_aline.db
Found 3 items
drwxrwxr-x   - root supergroup          0 2021-09-01 13:49 /user/hive/warehouse/db_aline.db/tb_int_pop
drwxrwxr-x   - root supergroup          0 2021-09-01 13:55 /user/hive/warehouse/db_aline.db/tb_int_pop_parquet
drwxrwxr-x   - root supergroup          0 2021-09-01 14:57 /user/hive/warehouse/db_aline.db/tb_int_pop_parquet_snappy

root@namenode:/# hdfs dfs -du -h /user/hive/warehouse/db_aline.db
11.9 K  /user/hive/warehouse/db_aline.db/tb_int_pop
9.2 K   /user/hive/warehouse/db_aline.db/tb_int_pop_parquet
9.2 K   /user/hive/warehouse/db_aline.db/tb_int_pop_parquet_snappy


